{
  "better_cnn": {
    "model_name": "BetterCNN",
    "use_tta": true,
    "total_parameters": 2461642,
    "trainable_parameters": 2461642,
    "model_size_mb": 9.403175354003906,
    "inference_fps": 29719.666306844916,
    "inference_time_ms": 0.03364775329828262,
    "accuracy": 0.9544,
    "correct": 9544,
    "total": 10000,
    "per_class_accuracy": [
      0.917,
      0.995,
      0.926,
      0.959,
      0.95,
      0.99,
      0.854,
      0.989,
      0.995,
      0.969
    ],
    "top_errors": [
      [
        "Shirt",
        "T-shirt/Top",
        63
      ],
      [
        "T-shirt/Top",
        "Shirt",
        55
      ],
      [
        "Shirt",
        "Coat",
        42
      ],
      [
        "Coat",
        "Shirt",
        28
      ],
      [
        "Ankle boot",
        "Sneaker",
        27
      ]
    ],
    "classification_report": {
      "T-shirt/Top": {
        "precision": 0.9133466135458167,
        "recall": 0.917,
        "f1-score": 0.9151696606786427,
        "support": 1000.0
      },
      "Trouser": {
        "precision": 0.994005994005994,
        "recall": 0.995,
        "f1-score": 0.9945027486256871,
        "support": 1000.0
      },
      "Pullover": {
        "precision": 0.9487704918032787,
        "recall": 0.926,
        "f1-score": 0.937246963562753,
        "support": 1000.0
      },
      "Dress": {
        "precision": 0.9495049504950495,
        "recall": 0.959,
        "f1-score": 0.954228855721393,
        "support": 1000.0
      },
      "Coat": {
        "precision": 0.926829268292683,
        "recall": 0.95,
        "f1-score": 0.9382716049382716,
        "support": 1000.0
      },
      "Sandal": {
        "precision": 0.9949748743718593,
        "recall": 0.99,
        "f1-score": 0.9924812030075187,
        "support": 1000.0
      },
      "Shirt": {
        "precision": 0.8705402650356778,
        "recall": 0.854,
        "f1-score": 0.8621908127208481,
        "support": 1000.0
      },
      "Sneaker": {
        "precision": 0.9667644183773216,
        "recall": 0.989,
        "f1-score": 0.9777558082056352,
        "support": 1000.0
      },
      "Bag": {
        "precision": 0.9930139720558883,
        "recall": 0.995,
        "f1-score": 0.994005994005994,
        "support": 1000.0
      },
      "Ankle boot": {
        "precision": 0.9857578840284842,
        "recall": 0.969,
        "f1-score": 0.9773071104387292,
        "support": 1000.0
      },
      "accuracy": 0.9544,
      "macro avg": {
        "precision": 0.9543508732012052,
        "recall": 0.9543999999999999,
        "f1-score": 0.9543160761905473,
        "support": 10000.0
      },
      "weighted avg": {
        "precision": 0.9543508732012053,
        "recall": 0.9544,
        "f1-score": 0.9543160761905473,
        "support": 10000.0
      }
    }
  },
  "resnet18": {
    "model_name": "ResNet18",
    "use_tta": true,
    "total_parameters": 11172810,
    "trainable_parameters": 11172810,
    "model_size_mb": 42.65766143798828,
    "inference_fps": 9754.372572176093,
    "inference_time_ms": 0.10251812636852264,
    "accuracy": 0.962,
    "correct": 9620,
    "total": 10000,
    "per_class_accuracy": [
      0.93,
      0.996,
      0.955,
      0.967,
      0.939,
      0.995,
      0.872,
      0.988,
      0.999,
      0.979
    ],
    "top_errors": [
      [
        "Shirt",
        "T-shirt/Top",
        64
      ],
      [
        "T-shirt/Top",
        "Shirt",
        43
      ],
      [
        "Coat",
        "Shirt",
        29
      ],
      [
        "Shirt",
        "Pullover",
        25
      ],
      [
        "Shirt",
        "Coat",
        24
      ]
    ],
    "classification_report": {
      "T-shirt/Top": {
        "precision": 0.9144542772861357,
        "recall": 0.93,
        "f1-score": 0.9221616261774913,
        "support": 1000.0
      },
      "Trouser": {
        "precision": 0.996,
        "recall": 0.996,
        "f1-score": 0.996,
        "support": 1000.0
      },
      "Pullover": {
        "precision": 0.9326171875,
        "recall": 0.955,
        "f1-score": 0.9436758893280632,
        "support": 1000.0
      },
      "Dress": {
        "precision": 0.9593253968253969,
        "recall": 0.967,
        "f1-score": 0.9631474103585658,
        "support": 1000.0
      },
      "Coat": {
        "precision": 0.9562118126272913,
        "recall": 0.939,
        "f1-score": 0.9475277497477296,
        "support": 1000.0
      },
      "Sandal": {
        "precision": 0.996993987975952,
        "recall": 0.995,
        "f1-score": 0.995995995995996,
        "support": 1000.0
      },
      "Shirt": {
        "precision": 0.9017580144777663,
        "recall": 0.872,
        "f1-score": 0.8866293848500254,
        "support": 1000.0
      },
      "Sneaker": {
        "precision": 0.979187314172448,
        "recall": 0.988,
        "f1-score": 0.9835739173718268,
        "support": 1000.0
      },
      "Bag": {
        "precision": 0.996011964107677,
        "recall": 0.999,
        "f1-score": 0.9975037443834248,
        "support": 1000.0
      },
      "Ankle boot": {
        "precision": 0.9868951612903226,
        "recall": 0.979,
        "f1-score": 0.9829317269076305,
        "support": 1000.0
      },
      "accuracy": 0.962,
      "macro avg": {
        "precision": 0.9619455116262989,
        "recall": 0.962,
        "f1-score": 0.9619147445120753,
        "support": 10000.0
      },
      "weighted avg": {
        "precision": 0.9619455116262988,
        "recall": 0.962,
        "f1-score": 0.9619147445120754,
        "support": 10000.0
      }
    }
  },
  "efficientnet": {
    "model_name": "EfficientNet-B0",
    "use_tta": true,
    "total_parameters": 4019782,
    "trainable_parameters": 4019782,
    "model_size_mb": 15.494903564453125,
    "inference_fps": 3742.6560564391602,
    "inference_time_ms": 0.2671899273991585,
    "accuracy": 0.9602,
    "correct": 9602,
    "total": 10000,
    "per_class_accuracy": [
      0.922,
      0.994,
      0.949,
      0.967,
      0.952,
      0.994,
      0.864,
      0.99,
      1.0,
      0.97
    ],
    "top_errors": [
      [
        "Shirt",
        "T-shirt/Top",
        69
      ],
      [
        "T-shirt/Top",
        "Shirt",
        50
      ],
      [
        "Coat",
        "Shirt",
        30
      ],
      [
        "Ankle boot",
        "Sneaker",
        27
      ],
      [
        "Shirt",
        "Pullover",
        26
      ]
    ],
    "classification_report": {
      "T-shirt/Top": {
        "precision": 0.9119683481701286,
        "recall": 0.922,
        "f1-score": 0.9169567379413227,
        "support": 1000.0
      },
      "Trouser": {
        "precision": 0.9979919678714859,
        "recall": 0.994,
        "f1-score": 0.9959919839679359,
        "support": 1000.0
      },
      "Pullover": {
        "precision": 0.94240317775571,
        "recall": 0.949,
        "f1-score": 0.9456900847035377,
        "support": 1000.0
      },
      "Dress": {
        "precision": 0.9574257425742574,
        "recall": 0.967,
        "f1-score": 0.9621890547263682,
        "support": 1000.0
      },
      "Coat": {
        "precision": 0.951048951048951,
        "recall": 0.952,
        "f1-score": 0.9515242378810594,
        "support": 1000.0
      },
      "Sandal": {
        "precision": 0.9969909729187563,
        "recall": 0.994,
        "f1-score": 0.9954932398597897,
        "support": 1000.0
      },
      "Shirt": {
        "precision": 0.8879753340184995,
        "recall": 0.864,
        "f1-score": 0.8758236188545362,
        "support": 1000.0
      },
      "Sneaker": {
        "precision": 0.9696376101860921,
        "recall": 0.99,
        "f1-score": 0.9797130133597229,
        "support": 1000.0
      },
      "Bag": {
        "precision": 0.998003992015968,
        "recall": 1.0,
        "f1-score": 0.999000999000999,
        "support": 1000.0
      },